{
    "$schema": "https://schema.management.azure.com/schemas/2019-04-01/deploymentTemplate.json#",
    "contentVersion": "1.0.0.0",
    "parameters": {
        "serverName": {
            "defaultValue": "mpgpcsqlvm",
            "type": "String",
            "metadata": {
                "description": "The name of the SQL server."
            }
        },
        "sqlDBName": {
            "defaultValue": "MpGPCVmSQL-01",
            "type": "String",
            "metadata": {
                "description": "The name of the SQL Database."
            }
        },
        "location": {
            "defaultValue": "[resourceGroup().location]",
            "type": "String",
            "metadata": {
                "description": "Location for all resources."
            }
        }
    },
    "variables": {},
    "resources": [
        {
            "type": "Microsoft.Sql/servers",
            "apiVersion": "2020-02-02-preview",
            "name": "[parameters('serverName')]",
            "location": "[parameters('location')]",
            "resources": [
                {
                    "type": "databases",
                    "apiVersion": "2020-08-01-preview",
                    "name": "[parameters('sqlDBName')]",
                    "location": "[parameters('location')]",
                    "dependsOn": [
                        "[resourceId('Microsoft.Sql/servers', concat(parameters('serverName')))]"
                    ]
                }
            ]
        }
    ]
}