{
    "$schema": "https://schema.management.azure.com/schemas/2019-04-01/deploymentTemplate.json#",
    "contentVersion": "1.0.0.0",
    "parameters": {
        "webAppName": {
            "defaultValue": "MpGPCWebAppDO1",
            "minLength": 2,
            "type": "String",
            "metadata": {
                "description": "Web app name."
            }
        },
        "location": {
            "defaultValue": "[resourceGroup().location]",
            "type": "String",
            "metadata": {
                "description": "Location for all the resources."
            }
        },
        "linuxFxVersion": {
            "defaultValue": "PYTHON|3.8",
            "type": "String",
            "metadata": {
                "description": "The Runtime stack of current web app"
            }
        },
        "appServicePlanPortalName": {
            "type": "String",
            "metadata": {
                "description": "App Service Name"
            }
        }
    },
    "resources": [
        {
            "type": "Microsoft.Web/sites",
            "apiVersion": "2020-06-01",
            "name": "[parameters('webAppName')]",
            "location": "[parameters('location')]",
            "properties": {
                "serverFarmId": "[resourceId('Microsoft.Web/serverfarms', parameters('appServicePlanPortalName'))]",
                "siteConfig": {
                    "linuxFxVersion": "[parameters('linuxFxVersion')]"
                }
            }
        }
    ]
}