{
    "$schema": "https://schema.management.azure.com/schemas/2015-01-01/deploymentParameters.json#",
    "contentVersion": "1.0.0.0",
    "parameters": {
        "webAppName": {
            "value": "MpGPCWebAppDO1"
        },
        "location": {
            "value": "canadacentral"
        },
        "linuxFxVersion": {
            "value": "PYTHON|3.8"
        },
        "appServicePlanPortalName": {
            "value": "ASP-MpGPCNHQCloudOpsOnBoardingCapPr-9109"
        }
    }
}